rows,sqlite_time_s,duckdb_time_s,speedup
1000000,0.7926376999821514,0.01543189981020987,51.36358515351012
5000000,4.244141399860382,0.03809790010564029,111.4009272976189
25000000,26.26963030011393,0.2738495001103729,95.92725306975606
100000000,106.76961378213734,1.104111733033337,96.70181974138444
